,IP,confidence
"('10030_137',)","('192.168.210.49',)",1.0
"('14594_192',)","('192.168.220.51',)",1.0
"('10759_43',)","('192.168.220.47',)",1.0
"('13085_24',)","('192.168.220.49',)",1.0
"('14154_89',)","('192.168.210.54',)",1.0
"('14155_88',)","('192.168.210.54',)",1.0
"('10708_220',)","('192.168.220.43',)",1.0
"('11513_244',)","('192.168.220.47',)",1.0
"('13972_11',)","('192.168.220.48',)",1.0
"('10731_186',)","('192.168.220.47',)",1.0
"('12468_200',)","('192.168.220.50',)",1.0
"('12088_61',)","('192.168.220.51',)",1.0
"('10057_27',)","('192.168.220.43',)",1.0
"('14620_188',)","('192.168.210.48',)",1.0
"('12688_140',)","('192.168.220.51',)",1.0
"('10088_242',)","('192.168.220.48',)",1.0
"('10085_11',)","('192.168.220.51',)",1.0
"('10650_38',)","('192.168.220.47',)",1.0
"('10123_77',)","('192.168.220.42',)",1.0
"('10088_247',)","('192.168.220.46',)",1.0
"('10510_126',)","('192.168.220.51',)",1.0
"('14582_235',)","('192.168.220.43',)",1.0
"('11841_162',)","('192.168.210.55',)",0.9130434782608695
"('13227_120',)","('192.168.220.48',)",1.0
"('13926_197',)","('192.168.220.47',)",1.0
"('10016_144',)","('192.168.220.51',)",1.0
"('12469_84',)","('192.168.220.47',)",1.0
"('12692_131',)","('192.168.220.51',)",1.0
"('11925_110',)","('192.168.220.49',)",1.0
"('12969_46',)","('192.168.220.49',)",1.0
"('13649_250',)","('192.168.220.51',)",1.0
"('10158_229',)","('192.168.220.46',)",1.0
"('14026_241',)","('192.168.210.47',)",1.0
"('12056_21',)","('192.168.220.43',)",1.0
"('13608_204',)","('192.168.220.51',)",1.0
"('14131_74',)","('192.168.220.51',)",1.0
"('11396_48',)","('192.168.210.47',)",0.9726027397260274
"('10502_23',)","('192.168.220.42',)",1.0
"('13647_12',)","('192.168.220.51',)",1.0
"('11288_117',)","('192.168.220.51',)",1.0
"('13600_4',)","('192.168.220.51',)",0.87248322147651
"('10297_248',)","('192.168.220.51',)",0.9333333333333333
"('14612_94',)","('192.168.210.48',)",1.0
"('12045_56',)","('192.168.220.47',)",1.0
"('12097_2',)","('192.168.220.42',)",1.0
"('13132_237',)","('192.168.220.51',)",0.8496732026143791
"('13248_115',)","('192.168.220.50',)",1.0
"('12056_136',)","('192.168.220.51',)",1.0
"('11802_44',)","('192.168.210.54',)",1.0
"('13321_169',)","('192.168.220.45',)",1.0
"('14130_50',)","('192.168.220.51',)",1.0
"('10003_90',)","('192.168.220.47',)",1.0
"('11609_24',)","('192.168.220.51',)",1.0
"('13057_120',)","('192.168.210.56',)",0.8205128205128205
"('12823_18',)","('192.168.220.47',)",1.0
"('14586_142',)","('192.168.220.43',)",1.0
"('10789_116',)","('192.168.210.55',)",1.0
"('10343_180',)","('192.168.220.43',)",0.8227848101265823
"('13021_186',)","('192.168.220.51',)",1.0
"('10189_113',)","('192.168.220.42',)",1.0
"('10459_241',)","('192.168.220.51',)",1.0
"('12555_252',)","('192.168.210.54',)",1.0
"('10694_28',)","('192.168.220.51',)",0.9506172839506173
"('13967_220',)","('192.168.220.48',)",1.0
"('12050_200',)","('192.168.220.51',)",0.8834355828220859
"('10938_103',)","('192.168.210.56',)",1.0
"('11297_166',)","('192.168.220.50',)",1.0
"('12011_65',)","('192.168.220.47',)",0.7804878048780488
"('12357_32',)","('192.168.220.51',)",1.0
"('12783_18',)","('192.168.220.51',)",0.926829268292683
"('13497_67',)","('192.168.220.50',)",1.0
"('12468_100',)","('192.168.220.47',)",1.0
"('10072_35',)","('192.168.220.51',)",0.9030303030303031
"('12202_86',)","('192.168.210.54',)",1.0
"('12691_118',)","('192.168.220.51',)",1.0
"('11701_221',)","('192.168.220.51',)",0.7678571428571429
"('12685_236',)","('192.168.220.51',)",1.0
"('14330_255',)","('192.168.220.51',)",1.0
"('13690_173',)","('192.168.210.45',)",1.0
"('14156_232',)","('192.168.220.48',)",1.0
"('14405_2',)","('192.168.220.48',)",1.0
"('13022_2',)","('192.168.220.51',)",1.0
"('12161_247',)","('192.168.210.57',)",1.0
"('12703_99',)","('192.168.210.55',)",1.0
"('11698_111',)","('192.168.220.45',)",0.861271676300578
"('10320_211',)","('192.168.220.51',)",0.7586206896551724
"('11615_255',)","('192.168.220.51',)",0.7771428571428571
"('11733_33',)","('192.168.220.49',)",1.0
"('14493_127',)","('192.168.220.51',)",1.0
"('12046_203',)","('192.168.220.51',)",0.8089887640449438
"('12571_92',)","('192.168.220.47',)",0.7640449438202247
"('10166_37',)","('192.168.220.49',)",1.0
"('13109_97',)","('192.168.220.51',)",0.8715083798882681
"('10088_191',)","('192.168.210.53',)",1.0
"('12685_235',)","('192.168.220.51',)",1.0
"('13199_252',)","('192.168.210.57',)",0.8666666666666667
"('10088_187',)","('192.168.220.47',)",1.0
"('12803_143',)","('192.168.220.51',)",0.9005524861878453
"('13051_91',)","('192.168.210.56',)",0.7900552486187845
"('10582_152',)","('192.168.210.45',)",0.7955801104972375
"('10013_240',)","('192.168.220.47',)",0.8011049723756906
"('14574_40',)","('192.168.220.51',)",1.0
"('10124_53',)","('192.168.220.51',)",0.7527472527472527
"('12359_101',)","('192.168.210.56',)",0.7802197802197802
"('14149_117',)","('192.168.210.57',)",0.912568306010929
"('14190_146',)","('192.168.220.51',)",1.0
"('11729_91',)","('192.168.220.51',)",1.0
"('14261_252',)","('192.168.210.48',)",1.0
"('10088_208',)","('192.168.220.51',)",1.0
"('10030_164',)","('192.168.210.53',)",0.7967914438502673
"('13076_159',)","('192.168.220.45',)",1.0
"('11584_2',)","('192.168.220.51',)",1.0
"('14219_37',)","('192.168.220.51',)",1.0
"('12943_248',)","('192.168.210.47',)",1.0
"('14132_36',)","('192.168.220.51',)",1.0
"('11145_10',)","('192.168.220.51',)",0.8586387434554974
"('10351_135',)","('192.168.210.47',)",0.8481675392670157
"('11773_187',)","('192.168.220.51',)",0.7958115183246073
"('13823_18',)","('192.168.220.43',)",1.0
"('14001_196',)","('192.168.220.51',)",0.6875
"('14511_99',)","('192.168.210.47',)",0.953125
"('11014_136',)","('192.168.220.45',)",0.7772020725388601
"('10299_28',)","('192.168.220.47',)",0.6597938144329897
"('12435_228',)","('192.168.210.53',)",1.0
"('11539_42',)","('192.168.220.51',)",0.7487179487179487
"('12311_115',)","('192.168.220.51',)",0.6923076923076923
"('11769_156',)","('192.168.220.51',)",0.7653061224489796
"('10712_191',)","('192.168.210.52',)",0.9285714285714286
"('11510_159',)","('192.168.220.50',)",1.0
"('10660_51',)","('192.168.220.47',)",1.0
"('11605_98',)","('192.168.220.51',)",1.0
"('10045_253',)","('192.168.220.49',)",0.68
"('10286_163',)","('192.168.220.50',)",1.0
"('10416_76',)","('192.168.220.43',)",1.0
"('10471_133',)","('192.168.210.47',)",0.8308457711442786
"('13049_151',)","('192.168.210.56',)",0.7512437810945274
"('10003_106',)","('192.168.220.51',)",1.0
"('10003_162',)","('192.168.220.42',)",0.8235294117647058
"('10003_51',)","('192.168.220.51',)",1.0
"('13239_133',)","('192.168.210.54',)",1.0
"('12712_50',)","('192.168.220.51',)",1.0
"('10088_193',)","('192.168.220.47',)",0.6731707317073171
"('12870_234',)","('192.168.220.51',)",0.8926829268292683
"('10698_157',)","('192.168.210.55',)",0.9805825242718447
"('10067_144',)","('192.168.210.53',)",0.7475728155339806
"('12726_206',)","('192.168.220.51',)",0.6363636363636364
"('13346_32',)","('192.168.220.51',)",1.0
"('11585_52',)","('192.168.220.45',)",0.7904761904761904
"('11952_193',)","('192.168.220.51',)",1.0
"('11953_211',)","('192.168.210.47',)",0.9339622641509434
"('10124_41',)","('192.168.220.47',)",0.6367924528301887
"('10003_113',)","('192.168.220.51',)",0.6822429906542056
"('11676_117',)","('192.168.210.53',)",1.0
"('10661_104',)","('192.168.220.51',)",0.8518518518518519
"('12952_120',)","('192.168.220.42',)",0.8202764976958525
"('10545_93',)","('192.168.220.49',)",0.7649769585253456
"('14537_242',)","('192.168.220.51',)",1.0
"('11602_5',)","('192.168.220.51',)",0.6513761467889908
"('10977_157',)","('192.168.220.47',)",0.5963302752293578
"('10824_249',)","('192.168.220.51',)",0.5844748858447488
"('11495_114',)","('192.168.210.45',)",0.5981735159817352
"('10557_127',)","('192.168.220.47',)",0.7818181818181819
"('10088_216',)","('192.168.220.51',)",0.8181818181818182
"('10093_35',)","('192.168.220.50',)",0.6545454545454545
"('10058_69',)","('192.168.220.51',)",0.7181818181818181
"('10586_52',)","('192.168.220.42',)",0.7545454545454545
"('10030_163',)","('192.168.220.42',)",0.9004524886877828
"('10045_94',)","('192.168.210.54',)",0.7058823529411765
"('12295_242',)","('192.168.220.51',)",0.7194570135746606
"('12498_201',)","('192.168.220.47',)",0.579185520361991
"('11453_45',)","('192.168.220.51',)",1.0
"('11186_145',)","('192.168.220.51',)",0.6531531531531531
"('12546_253',)","('192.168.220.51',)",0.9144144144144144
"('14332_79',)","('192.168.210.53',)",0.695067264573991
"('11777_119',)","('192.168.220.51',)",0.5803571428571429
"('13826_69',)","('192.168.220.43',)",0.72
"('13236_133',)","('192.168.210.48',)",1.0
"('13372_212',)","('192.168.220.51',)",0.6902654867256637
"('10088_36',)","('192.168.220.47',)",0.8325991189427313
"('14096_221',)","('192.168.210.57',)",1.0
"('11175_34',)","('192.168.220.51',)",0.8947368421052632
"('10085_124',)","('192.168.220.47',)",0.5478260869565217
"('11420_114',)","('192.168.220.47',)",0.8658008658008658
"('13613_70',)","('192.168.220.51',)",1.0
"('12048_246',)","('192.168.210.45',)",0.8362068965517241
"('10088_40',)","('192.168.210.53',)",0.6724137931034483
"('10001_210',)","('192.168.220.51',)",0.8103448275862069
"('10160_81',)","('192.168.220.46',)",0.7896995708154506
"('14022_8',)","('192.168.220.50',)",1.0
"('14563_80',)","('192.168.220.51',)",1.0
"('10292_197',)","('192.168.220.51',)",0.6694915254237288
"('13491_83',)","('192.168.220.50',)",1.0
"('10602_94',)","('192.168.210.49',)",0.5798319327731093
"('11701_80',)","('192.168.220.51',)",0.6150627615062761
"('10660_100',)","('192.168.220.47',)",0.6
"('10045_199',)","('192.168.220.47',)",0.5916666666666667
"('10235_3',)","('192.168.220.51',)",0.5850622406639004
"('10067_115',)","('192.168.220.51',)",0.6597510373443983
"('11146_251',)","('192.168.210.56',)",0.5495867768595041
"('10023_134',)","('192.168.220.51',)",0.5206611570247934
"('12893_235',)","('192.168.220.51',)",0.6446280991735537
"('12116_204',)","('192.168.220.42',)",1.0
"('10627_34',)","('192.168.220.47',)",0.5204918032786885
"('10882_76',)","('192.168.220.47',)",0.639344262295082
"('10981_41',)","('192.168.220.51',)",0.7377049180327869
"('13606_206',)","('192.168.220.42',)",0.9467213114754098
"('10108_21',)","('192.168.220.47',)",0.5384615384615384
"('13502_37',)","('192.168.220.43',)",1.0
"('12979_241',)","('192.168.210.53',)",0.6088709677419355
"('12924_178',)","('192.168.220.42',)",0.6666666666666666
"('13454_193',)","('192.168.220.47',)",0.9437751004016064
"('14396_65',)","('192.168.220.51',)",0.7469879518072289
"('11927_84',)","('192.168.220.49',)",1.0
"('13922_34',)","('192.168.210.54',)",0.504
"('14401_2',)","('192.168.220.48',)",1.0
"('12337_3',)","('192.168.220.51',)",0.7729083665338645
"('13379_49',)","('192.168.220.48',)",1.0
"('13612_216',)","('192.168.220.51',)",0.9282868525896414
"('11598_243',)","('192.168.210.55',)",0.766798418972332
"('11694_101',)","('192.168.220.45',)",0.7470355731225297
"('10460_94',)","('192.168.220.51',)",0.640625
"('10693_198',)","('192.168.220.51',)",0.5
"('11772_235',)","('192.168.220.51',)",0.7734375
"('13409_202',)","('192.168.220.47',)",0.96875
"('14093_131',)","('192.168.220.51',)",1.0
"('12303_52',)","('192.168.210.47',)",0.5465116279069767
"('12895_187',)","('192.168.220.50',)",0.627906976744186
"('13888_5',)","('192.168.210.49',)",0.4980694980694981
"('10131_250',)","('192.168.220.42',)",0.5
"('13155_70',)","('192.168.220.51',)",1.0
"('10078_113',)","('192.168.220.51',)",0.688212927756654
"('11254_173',)","('192.168.220.51',)",0.49429657794676807
"('13856_55',)","('192.168.210.53',)",0.6806083650190115
"('11670_144',)","('192.168.220.42',)",0.6515151515151515
"('10138_76',)","('192.168.220.51',)",0.8863636363636364
"('11832_53',)","('192.168.220.48',)",0.5
"('10162_190',)","('192.168.220.47',)",0.7196969696969697
"('10003_235',)","('192.168.210.54',)",0.8075471698113208
"('10866_237',)","('192.168.220.51',)",0.6867924528301886
"('11455_17',)","('192.168.220.51',)",0.5955056179775281
"('11729_83',)","('192.168.220.48',)",0.4868913857677903
"('12138_238',)","('192.168.220.51',)",0.6704119850187266
"('10088_156',)","('192.168.210.53',)",0.8089887640449438
"('10244_145',)","('192.168.210.53',)",1.0
"('13607_234',)","('192.168.220.45',)",1.0
"('13831_172',)","('192.168.220.48',)",1.0
"('11317_14',)","('192.168.220.51',)",0.6356877323420075
"('11090_128',)","('192.168.220.51',)",0.5444444444444444
"('14192_159',)","('192.168.220.51',)",1.0
"('10487_171',)","('192.168.220.51',)",0.4797047970479705
"('14494_70',)","('192.168.220.49',)",1.0
"('11516_19',)","('192.168.220.47',)",0.5547445255474452
"('12582_50',)","('192.168.220.49',)",0.46715328467153283
"('14335_215',)","('192.168.210.45',)",0.7318840579710145
"('13637_86',)","('192.168.220.51',)",0.9350180505415162
"('10391_182',)","('192.168.220.51',)",0.46402877697841727
"('11808_161',)","('192.168.220.51',)",1.0
"('11814_18',)","('192.168.220.51',)",0.9280575539568345
"('12536_253',)","('192.168.220.51',)",0.4910394265232975
"('10030_147',)","('192.168.210.48',)",0.8357142857142857
"('11858_191',)","('192.168.220.51',)",0.6914893617021277
"('10808_52',)","('192.168.210.54',)",0.5265017667844523
"('10008_25',)","('192.168.220.47',)",0.5512367491166078
"('11412_125',)","('192.168.210.47',)",0.4859154929577465
"('11338_27',)","('192.168.220.49',)",0.44366197183098594
"('13114_82',)","('192.168.210.45',)",0.8098591549295775
"('10078_114',)","('192.168.220.51',)",0.5944055944055944
"('11463_157',)","('192.168.220.51',)",0.45454545454545453
"('10593_206',)","('192.168.220.47',)",0.4513888888888889
"('10058_130',)","('192.168.210.47',)",1.0
"('10995_230',)","('192.168.210.50',)",0.7577854671280276
"('13307_252',)","('192.168.220.47',)",1.0
"('11930_138',)","('192.168.220.47',)",0.7103448275862069
"('12370_168',)","('192.168.220.51',)",0.43448275862068964
"('10078_105',)","('192.168.220.51',)",0.5684931506849316
"('10156_39',)","('192.168.220.47',)",0.5547945205479452
"('10600_238',)","('192.168.220.47',)",0.5392491467576792
"('10730_86',)","('192.168.220.51',)",0.4402730375426621
"('12674_71',)","('192.168.220.48',)",1.0
"('13016_166',)","('192.168.220.50',)",1.0
"('14426_254',)","('192.168.210.57',)",0.6326530612244898
"('10054_151',)","('192.168.210.57',)",1.0
"('11861_165',)","('192.168.220.47',)",0.8249158249158249
"('10021_133',)","('192.168.210.54',)",0.6666666666666666
"('12246_8',)","('192.168.220.42',)",0.9797979797979798
"('11446_134',)","('192.168.220.51',)",0.7416107382550335
"('11734_1',)","('192.168.220.51',)",0.5618729096989966
"('10026_106',)","('192.168.220.42',)",0.6066666666666667
"('10547_32',)","('192.168.220.47',)",0.42857142857142855
"('11084_93',)","('192.168.220.49',)",1.0
"('11654_64',)","('192.168.220.47',)",0.4158415841584158
"('12166_169',)","('192.168.220.51',)",1.0
"('10088_77',)","('192.168.220.45',)",0.4605263157894737
"('10760_15',)","('192.168.210.45',)",0.9342105263157895
"('11415_252',)","('192.168.210.47',)",0.4918032786885246
"('11424_123',)","('192.168.220.51',)",0.7344262295081967
"('11031_209',)","('192.168.220.47',)",0.42483660130718953
"('12055_225',)","('192.168.210.56',)",1.0
"('12817_196',)","('192.168.210.57',)",1.0
"('13584_31',)","('192.168.210.47',)",0.6470588235294118
"('12236_45',)","('192.168.220.51',)",1.0
"('11081_105',)","('192.168.220.47',)",0.6148867313915858
"('11356_160',)","('192.168.220.51',)",0.6245954692556634
"('10815_90',)","('192.168.220.42',)",0.8543689320388349
"('12494_177',)","('192.168.210.45',)",0.4290322580645161
"('10045_70',)","('192.168.210.47',)",0.6655948553054662
"('10565_164',)","('192.168.220.47',)",0.5096153846153846
"('10045_26',)","('192.168.220.47',)",0.40384615384615385
"('11886_158',)","('192.168.220.51',)",0.6185897435897436
"('11612_109',)","('192.168.210.46',)",0.7515923566878981
"('10484_84',)","('192.168.220.51',)",0.5428571428571428
"('10016_197',)","('192.168.210.52',)",0.6190476190476191
"('11566_138',)","('192.168.220.51',)",0.4208860759493671
"('10099_88',)","('192.168.220.47',)",0.6234177215189873
"('12746_165',)","('192.168.220.51',)",1.0
"('11882_153',)","('192.168.220.51',)",0.6182965299684543
"('12986_243',)","('192.168.220.51',)",1.0
"('10098_53',)","('192.168.220.47',)",0.39622641509433965
"('11448_132',)","('192.168.220.51',)",0.39622641509433965
"('12230_211',)","('192.168.220.51',)",0.8679245283018868
"('10580_66',)","('192.168.220.47',)",0.4106583072100313
"('12500_78',)","('192.168.220.51',)",0.5078369905956113
"('10045_134',)","('192.168.210.57',)",0.6125
"('10904_58',)","('192.168.220.47',)",0.425
"('11462_178',)","('192.168.220.50',)",0.75625
"('10993_74',)","('192.168.220.47',)",0.4174454828660436
"('11624_83',)","('192.168.220.51',)",0.6055900621118012
"('12477_4',)","('192.168.220.47',)",0.4720496894409938
"('10470_68',)","('192.168.210.45',)",0.4012345679012346
"('12733_147',)","('192.168.220.51',)",1.0
"('10241_44',)","('192.168.220.47',)",0.48615384615384616
"('11351_175',)","('192.168.220.51',)",0.401840490797546
"('11926_102',)","('192.168.220.49',)",1.0
"('10045_250',)","('192.168.220.47',)",0.42813455657492355
"('12092_179',)","('192.168.220.42',)",0.4573170731707317
"('12943_95',)","('192.168.220.51',)",0.8932926829268293
"('13336_58',)","('192.168.220.47',)",1.0
"('11454_175',)","('192.168.210.53',)",0.503030303030303
"('11967_252',)","('192.168.220.47',)",1.0
"('11005_49',)","('192.168.220.51',)",0.7027027027027027
"('12374_102',)","('192.168.220.51',)",0.7351190476190477
"('10045_105',)","('192.168.220.51',)",0.5773809523809523
"('12772_167',)","('192.168.220.45',)",0.39285714285714285
"('10760_32',)","('192.168.220.47',)",0.3887240356083086
"('10088_238',)","('192.168.220.47',)",0.5443786982248521
"('11891_16',)","('192.168.220.51',)",0.415929203539823
"('14444_119',)","('192.168.220.50',)",1.0
"('10837_2',)","('192.168.220.47',)",0.4294117647058823
"('11620_144',)","('192.168.220.51',)",0.4176470588235294
"('14174_65',)","('192.168.220.51',)",1.0
"('10146_183',)","('192.168.220.47',)",0.39296187683284456
"('11296_226',)","('192.168.220.51',)",0.564327485380117
"('10479_142',)","('192.168.220.45',)",0.39067055393586003
"('10920_2',)","('192.168.220.51',)",0.4198250728862974
"('10842_37',)","('192.168.220.47',)",0.3953488372093023
"('12835_95',)","('192.168.220.51',)",0.7536231884057971
"('10773_237',)","('192.168.220.42',)",0.3786127167630058
"('13769_28',)","('192.168.210.54',)",0.5606936416184971
"('11857_10',)","('192.168.210.49',)",0.8328530259365994
"('10416_44',)","('192.168.220.45',)",0.3793103448275862
"('12228_97',)","('192.168.220.47',)",0.3620689655172414
"('13941_95',)","('192.168.210.54',)",0.6781609195402298
"('10058_42',)","('192.168.220.48',)",0.46131805157593125
"('10105_229',)","('192.168.210.45',)",0.4269340974212034
"('10407_81',)","('192.168.220.47',)",0.8057142857142857
"('10045_206',)","('192.168.220.51',)",0.38857142857142857
"('11740_147',)","('192.168.220.51',)",0.4017094017094017
"('13064_98',)","('192.168.220.51',)",0.3646723646723647
"('12229_233',)","('192.168.220.47',)",0.4715909090909091
"('10712_180',)","('192.168.210.47',)",0.5340909090909091
"('12407_27',)","('192.168.220.43',)",0.4096045197740113
"('14457_254',)","('192.168.210.48',)",0.6929577464788732
"('10078_111',)","('192.168.220.47',)",0.5870786516853933
"('10416_100',)","('192.168.220.47',)",0.7303370786516854
"('12484_252',)","('192.168.210.54',)",0.6123595505617978
"('11357_212',)","('192.168.220.51',)",0.6470588235294118
"('10975_217',)","('192.168.220.47',)",0.6312849162011173
"('11922_96',)","('192.168.220.51',)",1.0
"('10884_108',)","('192.168.220.51',)",0.39444444444444443
"('10407_79',)","('192.168.220.47',)",0.35
"('11376_139',)","('192.168.220.47',)",0.4722222222222222
"('12571_133',)","('192.168.220.51',)",0.8722222222222222
"('12669_235',)","('192.168.220.48',)",0.3888888888888889
"('13213_228',)","('192.168.220.46',)",1.0
"('10045_27',)","('192.168.220.42',)",0.45429362880886426
"('10501_102',)","('192.168.220.51',)",0.712707182320442
"('11703_21',)","('192.168.220.51',)",0.43922651933701656
"('12504_213',)","('192.168.220.51',)",0.40331491712707185
"('10639_139',)","('192.168.220.47',)",0.4297520661157025
"('10457_54',)","('192.168.220.51',)",0.39944903581267216
"('10887_240',)","('192.168.210.45',)",0.45054945054945056
"('10028_202',)","('192.168.220.48',)",0.43169398907103823
"('10085_147',)","('192.168.220.51',)",1.0
"('10045_111',)","('192.168.210.52',)",0.42391304347826086
"('10993_137',)","('192.168.220.51',)",0.44021739130434784
"('11389_206',)","('192.168.210.56',)",0.8373983739837398
"('13670_254',)","('192.168.220.51',)",1.0
"('10369_211',)","('192.168.220.51',)",0.372972972972973
"('10501_106',)","('192.168.220.51',)",0.3709677419354839
"('10660_99',)","('192.168.220.47',)",0.6182795698924731
"('11218_158',)","('192.168.220.51',)",0.3790322580645161
"('10993_66',)","('192.168.220.47',)",0.5294117647058824
"('10175_115',)","('192.168.220.51',)",0.38563829787234044
"('10105_203',)","('192.168.220.47',)",0.7845744680851063
"('10151_16',)","('192.168.220.51',)",0.35013262599469497
"('11422_106',)","('192.168.220.47',)",0.5119363395225465
"('10952_79',)","('192.168.220.51',)",0.36074270557029176
"('10515_109',)","('192.168.220.47',)",0.4497354497354497
"('10272_225',)","('192.168.220.47',)",0.5343915343915344
"('12002_76',)","('192.168.220.47',)",1.0
"('12495_244',)","('192.168.210.45',)",0.34656084656084657
"('14040_136',)","('192.168.220.50',)",1.0
"('10242_79',)","('192.168.220.51',)",0.43007915567282323
"('13953_236',)","('192.168.220.51',)",0.868421052631579
"('10297_4',)","('192.168.220.47',)",0.36553524804177545
"('10302_128',)","('192.168.220.51',)",0.7942708333333334
"('10083_138',)","('192.168.220.47',)",0.3917525773195876
"('10123_66',)","('192.168.220.51',)",0.3917525773195876
"('11327_51',)","('192.168.220.51',)",0.4639175257731959
"('11662_98',)","('192.168.220.51',)",0.699228791773779
"('11774_182',)","('192.168.220.51',)",0.8692307692307693
"('11815_50',)","('192.168.220.51',)",0.38461538461538464
"('10712_183',)","('192.168.220.42',)",0.676923076923077
"('10560_40',)","('192.168.220.51',)",0.5268542199488491
"('10088_44',)","('192.168.220.51',)",1.0
"('11429_64',)","('192.168.220.51',)",0.40759493670886077
"('11362_232',)","('192.168.220.49',)",0.6363636363636364
"('12056_3',)","('192.168.210.45',)",0.45112781954887216
"('12381_32',)","('192.168.220.51',)",0.4139650872817955
"('10088_53',)","('192.168.220.51',)",0.3681592039800995
"('12190_40',)","('192.168.220.47',)",0.37220843672456577
"('10045_202',)","('192.168.220.49',)",0.7920792079207921
"('10082_67',)","('192.168.220.47',)",0.3160493827160494
"('13289_14',)","('192.168.220.51',)",0.782716049382716
"('10453_201',)","('192.168.220.51',)",0.35960591133004927
"('11935_173',)","('192.168.220.51',)",0.8230958230958231
"('10543_120',)","('192.168.210.54',)",0.5085995085995086
"('12754_100',)","('192.168.220.43',)",0.5282555282555282
"('10407_149',)","('192.168.220.47',)",0.39705882352941174
"('10349_189',)","('192.168.220.47',)",0.3569682151589242
"('10045_151',)","('192.168.220.47',)",0.36674816625916873
"('10021_207',)","('192.168.220.51',)",0.3780487804878049
"('11369_34',)","('192.168.220.49',)",0.36739659367396593
"('11118_78',)","('192.168.210.54',)",0.5693430656934306
"('14330_44',)","('192.168.220.51',)",1.0
"('11469_201',)","('192.168.210.45',)",0.4077669902912621
"('10013_243',)","('192.168.210.47',)",0.4213075060532688
"('11847_39',)","('192.168.220.51',)",0.5362318840579711
"('12604_243',)","('192.168.220.51',)",0.43478260869565216
"('11173_161',)","('192.168.220.51',)",0.46522781774580335
"('10399_110',)","('192.168.220.47',)",0.33093525179856115
"('13886_112',)","('192.168.220.51',)",0.302158273381295
"('10030_170',)","('192.168.220.51',)",0.3062200956937799
"('12089_109',)","('192.168.220.42',)",0.5406698564593302
"('11335_95',)","('192.168.220.51',)",0.5178997613365155
"('10161_158',)","('192.168.220.47',)",0.3
"('10484_82',)","('192.168.220.50',)",0.38571428571428573
"('12560_54',)","('192.168.220.47',)",0.5437352245862884
"('12012_173',)","('192.168.220.51',)",0.535377358490566
"('13397_116',)","('192.168.220.51',)",0.3160377358490566
"('10556_0',)","('192.168.220.47',)",0.8211764705882353
"('10123_56',)","('192.168.220.47',)",0.4084507042253521
"('11190_49',)","('192.168.210.55',)",0.36682242990654207
"('12076_163',)","('192.168.220.47',)",0.38317757009345793
"('10057_56',)","('192.168.220.50',)",0.5757575757575758
"('11973_10',)","('192.168.210.52',)",0.2923433874709977
"('11860_211',)","('192.168.220.47',)",0.8248847926267281
"('11877_130',)","('192.168.220.47',)",0.3112128146453089
"('12239_152',)","('192.168.220.42',)",0.4965675057208238
"('10396_122',)","('192.168.220.51',)",0.29157175398633256
"('10515_102',)","('192.168.220.47',)",0.35079726651480636
"('11314_130',)","('192.168.220.51',)",0.3977272727272727
"('11508_185',)","('192.168.220.47',)",0.36054421768707484
"('12161_252',)","('192.168.210.53',)",0.7210884353741497
"('10050_16',)","('192.168.220.51',)",0.29638009049773756
"('11341_38',)","('192.168.220.51',)",0.32805429864253394
"('10400_246',)","('192.168.220.51',)",0.29504504504504503
"('11157_128',)","('192.168.210.49',)",0.2882882882882883
"('13885_210',)","('192.168.220.51',)",0.43018018018018017
"('10399_177',)","('192.168.220.51',)",0.350561797752809
"('11974_231',)","('192.168.220.47',)",0.36771300448430494
"('10605_249',)","('192.168.220.47',)",0.4899328859060403
"('11474_6',)","('192.168.220.51',)",0.31767337807606266
"('10381_231',)","('192.168.220.51',)",0.2975391498881432
"('10481_46',)","('192.168.210.55',)",0.41517857142857145
"('11930_169',)","('192.168.220.47',)",0.32142857142857145
"('11589_154',)","('192.168.220.51',)",0.32516703786191536
"('10083_141',)","('192.168.220.47',)",0.34811529933481156
"('11928_179',)","('192.168.220.51',)",0.35476718403547675
"('10444_192',)","('192.168.220.47',)",0.4491150442477876
"('10872_69',)","('192.168.220.46',)",0.4690265486725664
"('11054_226',)","('192.168.220.47',)",0.41318681318681316
"('10369_100',)","('192.168.220.51',)",0.3026315789473684
"('10169_100',)","('192.168.220.47',)",0.3056768558951965
"('10621_95',)","('192.168.220.51',)",0.3456521739130435
"('10526_84',)","('192.168.220.51',)",0.33043478260869563
"('10185_209',)","('192.168.220.51',)",0.41125541125541126
"('10045_116',)","('192.168.220.49',)",0.33832976445396146
"('10824_134',)","('192.168.220.51',)",0.7611940298507462
"('10045_4',)","('192.168.220.47',)",0.35319148936170214
"('10985_99',)","('192.168.220.51',)",0.4472573839662447
"('11383_71',)","('192.168.220.42',)",0.31315240083507306
"('10045_178',)","('192.168.220.51',)",0.6333333333333333
"('14183_97',)","('192.168.220.51',)",1.0
"('12039_129',)","('192.168.220.51',)",0.3180873180873181
"('10528_201',)","('192.168.220.51',)",0.27385892116182575
"('11129_128',)","('192.168.220.51',)",0.44398340248962653
"('11561_173',)","('192.168.220.50',)",0.2800829875518672
"('10289_47',)","('192.168.220.51',)",0.639751552795031
"('11449_239',)","('192.168.220.51',)",0.39462809917355374
"('10082_66',)","('192.168.220.47',)",0.30515463917525776
"('10712_187',)","('192.168.220.47',)",0.32989690721649484
"('11012_139',)","('192.168.220.47',)",0.334020618556701
"('10904_113',)","('192.168.220.47',)",0.35185185185185186
"('11112_23',)","('192.168.220.51',)",0.32098765432098764
"('12578_165',)","('192.168.210.54',)",0.26954732510288065
"('10458_70',)","('192.168.210.56',)",0.31006160164271046
"('10863_249',)","('192.168.220.51',)",0.9301848049281314
"('10022_133',)","('192.168.210.54',)",0.6406570841889117
"('10759_254',)","('192.168.220.47',)",0.4405737704918033
"('10513_90',)","('192.168.220.51',)",0.6475409836065574
"('10067_13',)","('192.168.220.51',)",0.9426229508196722
"('10176_66',)","('192.168.220.47',)",0.41922290388548056
"('10678_34',)","('192.168.220.51',)",0.3374233128834356
"('10964_127',)","('192.168.220.51',)",0.40816326530612246
"('10526_81',)","('192.168.220.51',)",0.2682926829268293
"('10954_175',)","('192.168.220.50',)",0.3170731707317073
"('11085_125',)","('192.168.220.47',)",0.5101626016260162
"('11133_23',)","('192.168.220.51',)",0.2804878048780488
"('11636_2',)","('192.168.220.42',)",0.45030425963488846
"('10292_198',)","('192.168.220.47',)",0.3548387096774194
"('10551_167',)","('192.168.220.47',)",0.5542168674698795
"('11663_231',)","('192.168.210.52',)",0.25301204819277107
"('14257_101',)","('192.168.220.51',)",0.3895582329317269
"('11375_200',)","('192.168.220.47',)",0.5130260521042084
"('11339_226',)","('192.168.220.51',)",0.33665338645418325
"('10993_237',)","('192.168.220.42',)",0.30158730158730157
"('10022_166',)","('192.168.210.47',)",0.45454545454545453
"('10543_123',)","('192.168.210.54',)",0.37351778656126483
"('11646_194',)","('192.168.220.51',)",0.41929133858267714
"('13885_218',)","('192.168.220.51',)",0.2559055118110236
"('10326_245',)","('192.168.220.51',)",0.2593320235756385
"('11692_100',)","('192.168.220.51',)",0.6392156862745098
"('10177_142',)","('192.168.220.47',)",0.2583170254403131
"('10057_64',)","('192.168.220.47',)",0.7651663405088063
"('11662_84',)","('192.168.220.51',)",1.0
"('10347_236',)","('192.168.220.51',)",0.33849129593810445
"('10953_25',)","('192.168.220.51',)",0.28820116054158607
"('10085_181',)","('192.168.220.51',)",0.26692456479690524
"('10119_28',)","('192.168.220.47',)",0.3416988416988417
"('11471_65',)","('192.168.210.53',)",0.33653846153846156
"('10880_140',)","('192.168.210.57',)",0.2629558541266795
"('10922_210',)","('192.168.220.51',)",0.32567049808429116
"('11154_109',)","('192.168.210.45',)",0.2739463601532567
"('10204_65',)","('192.168.220.51',)",0.4359464627151052
"('13730_93',)","('192.168.210.54',)",1.0
"('11010_171',)","('192.168.210.55',)",0.2438095238095238
"('10624_169',)","('192.168.220.47',)",0.31749049429657794
"('11987_158',)","('192.168.220.51',)",0.36432637571157495
"('14135_157',)","('192.168.220.51',)",0.31688804554079697
"('10246_232',)","('192.168.220.51',)",0.3440453686200378
"('10027_202',)","('192.168.210.47',)",0.30566037735849055
"('10416_124',)","('192.168.220.45',)",0.2830188679245283
"('11328_135',)","('192.168.220.51',)",0.24812030075187969
"('11419_172',)","('192.168.220.47',)",0.40225563909774437
"('10909_205',)","('192.168.220.47',)",0.4446529080675422
"('10906_97',)","('192.168.220.47',)",1.0
"('10406_102',)","('192.168.220.51',)",0.29345794392523367
"('10595_133',)","('192.168.220.47',)",0.40671641791044777
"('10966_92',)","('192.168.220.47',)",0.2537313432835821
"('10045_174',)","('192.168.220.51',)",0.5167910447761194
"('12073_102',)","('192.168.220.47',)",0.27425373134328357
"('13385_183',)","('192.168.220.51',)",0.8115671641791045
"('14188_97',)","('192.168.220.51',)",1.0
"('11414_126',)","('192.168.210.48',)",0.2936802973977695
"('10176_11',)","('192.168.220.50',)",0.3754646840148699
"('11405_201',)","('192.168.220.47',)",0.23977695167286245
"('10407_75',)","('192.168.210.54',)",0.26296296296296295
"('10629_26',)","('192.168.220.47',)",0.27440147329650094
"('10326_240',)","('192.168.220.51',)",0.2665441176470588
"('11997_28',)","('192.168.220.51',)",0.47155963302752296
"('12054_232',)","('192.168.220.48',)",0.5009174311926605
"('10449_62',)","('192.168.220.51',)",0.304029304029304
"('10127_48',)","('192.168.220.47',)",0.23217550274223034
"('10198_192',)","('192.168.220.49',)",0.3930530164533821
"('10246_9',)","('192.168.220.50',)",0.23722627737226276
"('10897_222',)","('192.168.220.51',)",0.3132969034608379
"('10169_101',)","('192.168.220.51',)",0.2459016393442623
"('10763_19',)","('192.168.220.47',)",0.38545454545454544
"('11840_167',)","('192.168.210.55',)",0.26181818181818184
"('10002_170',)","('192.168.220.51',)",0.6708860759493671
"('10710_220',)","('192.168.220.51',)",0.2490974729241877
"('10817_68',)","('192.168.220.51',)",0.3971119133574007
"('10618_1',)","('192.168.220.47',)",0.32014388489208634
"('10302_64',)","('192.168.220.51',)",0.9100719424460432
"('10971_183',)","('192.168.220.47',)",0.5394265232974911
"('12165_82',)","('192.168.220.51',)",0.5115864527629234
"('10011_132',)","('192.168.100.20',)",1.0
"('11452_42',)","('192.168.210.49',)",0.4645390070921986
"('14379_144',)","('192.168.220.47',)",1.0
"('10369_58',)","('192.168.220.47',)",0.27964601769911507
"('10569_148',)","('192.168.210.47',)",0.23716814159292035
"('10008_26',)","('192.168.210.56',)",0.25486725663716814
"('10662_41',)","('192.168.210.57',)",0.3586572438162544
"('10045_148',)","('192.168.220.51',)",0.6784452296819788
"('11417_100',)","('192.168.220.47',)",0.3985890652557319
"('11010_147',)","('192.168.220.47',)",0.3415492957746479
"('10712_189',)","('192.168.220.47',)",0.44639718804920914
"('11894_59',)","('192.168.210.45',)",0.29525483304042177
"('10517_71',)","('192.168.220.51',)",0.2754385964912281
"('14121_231',)","('192.168.220.51',)",0.3912280701754386
"('10672_251',)","('192.168.220.45',)",0.23117338003502627
"('11133_99',)","('192.168.220.51',)",0.24518388791593695
"('10045_118',)","('192.168.220.51',)",0.3181818181818182
"('12345_248',)","('192.168.220.47',)",0.3094405594405594
"('11073_226',)","('192.168.210.56',)",0.2338568935427574
"('10953_33',)","('192.168.220.51',)",0.4425087108013937
"('10606_67',)","('192.168.220.42',)",0.24305555555555555
"('10734_254',)","('192.168.220.47',)",0.2743055555555556
"('10045_162',)","('192.168.220.42',)",0.625
"('10394_13',)","('192.168.220.51',)",0.21837088388214904
"('10234_110',)","('192.168.220.51',)",0.3275563258232236
"('10844_57',)","('192.168.220.51',)",0.4206896551724138
"('11022_6',)","('192.168.210.54',)",0.22758620689655173
"('11084_49',)","('192.168.220.51',)",0.4570446735395189
"('11418_138',)","('192.168.220.47',)",0.3979416809605489
"('10543_116',)","('192.168.210.54',)",0.5540308747855918
"('11288_127',)","('192.168.220.51',)",0.3715753424657534
"('12137_135',)","('192.168.220.50',)",0.24315068493150685
"('10522_72',)","('192.168.220.51',)",0.24232081911262798
"('13731_133',)","('192.168.210.54',)",0.8654173764906303
"('10555_27',)","('192.168.220.47',)",0.4906937394247039
"('10901_102',)","('192.168.220.51',)",0.2521150592216582
"('11650_103',)","('192.168.220.47',)",0.21996615905245348
"('11409_104',)","('192.168.220.47',)",0.43243243243243246
"('11221_206',)","('192.168.220.47',)",0.4468802698145025
"('10185_218',)","('192.168.220.51',)",0.31208053691275167
"('13052_167',)","('192.168.210.56',)",0.882943143812709
"('10759_55',)","('192.168.220.51',)",0.2270450751252087
"('10977_163',)","('192.168.220.47',)",0.5614617940199336
"('10246_73',)","('192.168.220.51',)",0.22591362126245848
"('10484_66',)","('192.168.220.45',)",0.24834437086092714
"('12558_245',)","('192.168.220.51',)",0.43471074380165287
"('11350_176',)","('192.168.220.50',)",0.29372937293729373
"('10012_42',)","('192.168.220.51',)",0.46787479406919275
"('11132_11',)","('192.168.220.51',)",0.3464696223316913
"('12204_156',)","('192.168.210.57',)",0.3944353518821604
"('10554_93',)","('192.168.220.47',)",0.25122349102773245
"('11406_140',)","('192.168.220.47',)",0.43230016313213704
"('10809_226',)","('192.168.220.51',)",0.3322475570032573
"('10517_63',)","('192.168.220.47',)",0.2077922077922078
"('11456_239',)","('192.168.220.50',)",0.32142857142857145
"('11025_186',)","('192.168.220.47',)",0.2366288492706645
"('10493_200',)","('192.168.210.48',)",0.20907617504051865
"('11657_2',)","('192.168.220.51',)",0.6629032258064517
"('10942_28',)","('192.168.220.51',)",0.3054662379421222
"('10747_101',)","('192.168.220.51',)",0.26688102893890675
"('11280_68',)","('192.168.220.50',)",0.2364217252396166
"('13623_57',)","('192.168.220.47',)",0.26156299840510366
"('10045_80',)","('192.168.220.51',)",0.36942675159235666
"('10725_197',)","('192.168.220.51',)",0.22611464968152867
"('11401_32',)","('192.168.220.47',)",0.2555205047318612
"('10045_197',)","('192.168.220.47',)",0.30236220472440944
"('11129_139',)","('192.168.220.51',)",0.28976377952755905
"('10904_123',)","('192.168.220.51',)",0.31811023622047246
"('10543_117',)","('192.168.210.54',)",0.3072100313479624
"('10569_153',)","('192.168.220.47',)",0.396875
"('11398_5',)","('192.168.220.47',)",0.2986003110419907
"('10268_35',)","('192.168.220.51',)",0.2919254658385093
"('11204_222',)","('192.168.220.51',)",0.23219814241486067
"('12264_150',)","('192.168.220.51',)",0.2708978328173375
"('10966_27',)","('192.168.220.51',)",0.2725880551301684
"('10613_15',)","('192.168.220.51',)",0.3180428134556575
"('10008_17',)","('192.168.220.42',)",0.40916030534351144
"('11292_68',)","('192.168.220.51',)",0.37251908396946565
"('10045_242',)","('192.168.220.51',)",0.38778625954198476
"('13617_192',)","('192.168.220.51',)",0.2252663622526636
"('10712_181',)","('192.168.220.45',)",0.756838905775076
"('11601_183',)","('192.168.220.48',)",0.3795180722891566
"('10843_117',)","('192.168.220.51',)",0.22485207100591717
"('10045_12',)","('192.168.220.47',)",0.26843657817109146
"('11148_35',)","('192.168.220.47',)",0.308259587020649
"('10559_102',)","('192.168.210.54',)",0.21944035346097202
"('10179_31',)","('192.168.220.47',)",0.3641703377386197
"('10213_163',)","('192.168.220.47',)",0.2555066079295154
"('11157_210',)","('192.168.220.47',)",0.23607038123167157
"('10169_98',)","('192.168.220.51',)",0.24269005847953215
"('10451_94',)","('192.168.220.47',)",0.22189781021897811
"('10513_72',)","('192.168.220.51',)",0.3927007299270073
"('10045_82',)","('192.168.220.47',)",0.3032069970845481
"('10830_184',)","('192.168.220.51',)",0.20494186046511628
"('12188_23',)","('192.168.220.47',)",0.46734397677793904
"('10054_94',)","('192.168.220.47',)",0.2608695652173913
"('10424_115',)","('192.168.220.47',)",0.43768115942028984
"('10045_76',)","('192.168.220.47',)",0.43270622286541244
"('10272_11',)","('192.168.210.50',)",0.8872832369942196
"('10101_27',)","('192.168.220.51',)",0.2611832611832612
"('11744_185',)","('192.168.220.51',)",0.3184438040345821
"('13776_176',)","('192.168.210.49',)",0.43515850144092216
"('11263_123',)","('192.168.220.47',)",0.2906474820143885
"('10352_168',)","('192.168.220.47',)",0.2686781609195402
"('10407_90',)","('192.168.220.47',)",0.4147727272727273
"('10246_105',)","('192.168.220.51',)",0.2507082152974504
"('10055_110',)","('192.168.220.47',)",0.21782178217821782
"('10931_219',)","('192.168.220.51',)",0.3644067796610169
"('13776_226',)","('192.168.220.51',)",0.771509167842031
"('11290_141',)","('192.168.220.51',)",0.5633802816901409
"('11453_168',)","('192.168.220.51',)",0.23066104078762306
"('10603_145',)","('192.168.220.47',)",0.20476858345021037
"('10724_199',)","('192.168.220.51',)",0.25666199158485276
"('10831_102',)","('192.168.220.51',)",0.5596072931276297
"('10429_140',)","('192.168.220.51',)",0.5813630041724618
"('10454_63',)","('192.168.220.51',)",0.29542302357836336
"('11040_216',)","('192.168.220.51',)",0.3587257617728532
"('11475_71',)","('192.168.220.51',)",0.256198347107438
"('10357_22',)","('192.168.220.51',)",0.24209078404401652
"('10123_51',)","('192.168.220.51',)",0.9836065573770492
"('10706_32',)","('192.168.220.51',)",0.2779291553133515
"('10845_14',)","('192.168.220.47',)",0.22343324250681199
"('10203_90',)","('192.168.220.51',)",0.20081411126187246
"('10695_26',)","('192.168.220.51',)",0.24151967435549526
"('10410_161',)","('192.168.220.47',)",0.2259810554803789
"('10759_64',)","('192.168.220.47',)",0.2864864864864865
"('10993_68',)","('192.168.220.47',)",0.3581081081081081
"('10945_168',)","('192.168.220.51',)",0.289544235924933
"('11930_171',)","('192.168.220.51',)",0.904
"('10478_58',)","('192.168.220.51',)",0.6066225165562914
"('10432_96',)","('192.168.220.42',)",0.2410596026490066
"('11930_170',)","('192.168.220.42',)",0.20105820105820105
"('10200_11',)","('192.168.220.51',)",0.21212121212121213
"('10154_212',)","('192.168.220.51',)",0.9765013054830287
"('10250_17',)","('192.168.220.47',)",0.23834196891191708
"('10022_207',)","('192.168.220.51',)",0.7713178294573644
"('12204_155',)","('192.168.210.57',)",0.2912371134020619
"('13776_239',)","('192.168.220.51',)",0.5943517329910141
"('10045_52',)","('192.168.220.47',)",0.25384615384615383
"('10099_154',)","('192.168.220.51',)",0.4307692307692308
"('10008_18',)","('192.168.220.51',)",0.24010217113665389
"('10432_97',)","('192.168.220.50',)",0.2777777777777778
"('10288_211',)","('192.168.220.51',)",0.9293820933165196
"('10952_16',)","('192.168.220.50',)",0.2751256281407035
"('11534_124',)","('192.168.220.47',)",0.20224719101123595
"('11133_98',)","('192.168.220.51',)",0.25682382133995035
"('10104_93',)","('192.168.220.47',)",0.2441430332922318
"('10722_18',)","('192.168.220.47',)",0.2115621156211562
"('11160_31',)","('192.168.220.51',)",0.5098280098280098
"('10008_8',)","('192.168.220.51',)",0.40464547677261614
"('10626_228',)","('192.168.220.47',)",0.23300970873786409
"('10743_191',)","('192.168.220.47',)",0.25485436893203883
"('10234_125',)","('192.168.220.51',)",0.39709443099273606
"('10606_75',)","('192.168.220.51',)",0.5978260869565217
"('10254_87',)","('192.168.220.51',)",0.4645006016847172
"('10879_140',)","('192.168.210.57',)",0.49278846153846156
"('11752_128',)","('192.168.220.47',)",0.9544910179640719
"('10724_198',)","('192.168.220.51',)",0.2751196172248804
"('10345_183',)","('192.168.220.47',)",0.32419547079856975
"('10941_174',)","('192.168.220.51',)",0.3142857142857143
"('13184_115',)","('192.168.210.49',)",1.0
"('10008_75',)","('192.168.210.55',)",0.3609467455621302
"('10185_224',)","('192.168.220.51',)",0.2783018867924528
"('10234_57',)","('192.168.220.51',)",0.823803967327888
"('10665_130',)","('192.168.220.47',)",0.3802325581395349
"('11318_230',)","('192.168.220.47',)",0.29500580720092917
"('10090_80',)","('192.168.220.51',)",0.25608342989571264
"('10087_237',)","('192.168.220.47',)",0.22145328719723184
"('10564_112',)","('192.168.220.47',)",0.2571756601607348
"('10936_15',)","('192.168.220.51',)",0.3711340206185567
"('10330_54',)","('192.168.220.51',)",0.3831242873432155
"('10743_118',)","('192.168.220.51',)",0.24577226606538896
"('10141_124',)","('192.168.210.49',)",0.5219347581552306
"('10891_103',)","('192.168.220.47',)",0.2038073908174692
"('10064_59',)","('192.168.220.51',)",0.32102908277404923
"('10288_80',)","('192.168.220.51',)",0.8120805369127517
"('11975_64',)","('192.168.220.51',)",0.35228539576365664
"('10398_200',)","('192.168.220.51',)",0.25527192008879024
"('11015_25',)","('192.168.220.51',)",0.3303769401330377
"('10747_96',)","('192.168.210.47',)",0.2073170731707317
"('10201_11',)","('192.168.220.51',)",0.22934782608695653
"('10003_89',)","('192.168.220.51',)",0.4736275565123789
"('12486_238',)","('192.168.210.52',)",1.0
"('10055_100',)","('192.168.220.47',)",0.2778355879292404
"('11161_105',)","('192.168.220.51',)",0.3944387229660144
"('12802_211',)","('192.168.220.51',)",0.917093142272262
"('10072_235',)","('192.168.220.51',)",0.21941354903943378
"('10700_254',)","('192.168.220.51',)",0.3012884043607532
"('11739_82',)","('192.168.210.54',)",0.8029411764705883
"('10088_241',)","('192.168.220.51',)",0.22407045009784735
"('10348_207',)","('192.168.220.47',)",0.20934761441090555
"('10021_188',)","('192.168.220.51',)",1.0
"('10104_80',)","('192.168.220.51',)",0.9819219790675547
"('11717_73',)","('192.168.210.54',)",0.7899239543726235
"('14171_6',)","('192.168.220.51',)",1.0
"('11930_176',)","('192.168.220.51',)",0.6356807511737089
"('10926_91',)","('192.168.220.51',)",0.3420074349442379
"('13250_125',)","('192.168.220.47',)",0.41818181818181815
"('11661_4',)","('192.168.220.51',)",0.6451612903225806
"('10256_86',)","('192.168.220.51',)",0.2497793468667255
"('10120_206',)","('192.168.220.51',)",0.2710526315789474
"('10097_80',)","('192.168.220.51',)",0.9539363484087102
"('10088_98',)","('192.168.220.51',)",1.0
"('13215_218',)","('192.168.220.46',)",1.0
"('11083_125',)","('192.168.220.51',)",0.23857142857142857
"('10088_234',)","('192.168.220.51',)",0.9318463444857497
"('10022_144',)","('192.168.220.51',)",1.0
"('13049_193',)","('192.168.210.56',)",1.0
"('13035_162',)","('192.168.220.51',)",0.9894911504424779
"('14184_244',)","('192.168.220.51',)",0.9773510585918267
"('10123_71',)","('192.168.220.51',)",0.943952802359882
"('10123_41',)","('192.168.220.51',)",0.938568129330254
"('10123_37',)","('192.168.220.51',)",0.9674439067311923
"('10597_79',)","('192.168.220.51',)",0.8004631416441529
"('10692_1',)","('192.168.220.43',)",0.8405405405405405
"('11714_20',)","('192.168.210.53',)",0.9656796769851952
"('10763_18',)","('192.168.220.51',)",0.9253139458030403
"('12091_134',)","('192.168.220.51',)",0.9160692951015532
"('11685_203',)","('192.168.210.53',)",0.9769274057400112
"('13047_59',)","('192.168.210.56',)",0.9821182943603851
"('10597_84',)","('192.168.220.51',)",0.8470139771283355
"('192.168.100.14',)","('192.168.220.51',)",0.7689569792633859
"('192.168.200.1',)","('192.168.220.51',)",1.0
"('11681_180',)","('192.168.210.54',)",0.9963998305802626
"('192.168.200.2',)","('192.168.220.51',)",1.0
"('14172_51',)","('192.168.220.51',)",1.0
"('13053_106',)","('192.168.210.56',)",1.0
"('14185_238',)","('192.168.220.51',)",1.0
"('14170_51',)","('192.168.220.51',)",1.0
"('192.168.100.1',)","('192.168.220.51',)",1.0
"('192.168.100.2',)","('192.168.220.51',)",0.9885708606638839
"('10272_44',)","('192.168.220.51',)",1.0
"('192.168.210.1',)","('192.168.220.51',)",0.969532100108814
"('192.168.220.2',)","('192.168.220.51',)",0.966078697421981
"('12087_137',)","('192.168.220.47',)",1.0
"('13053_118',)","('192.168.210.56',)",1.0
"('192.168.220.1',)","('192.168.220.51',)",0.9861764925651947
